<?xml version="1.0" encoding="UTF-8"?>
<questestinterop xmlns="http://www.imsglobal.org/xsd/ims_qtiasiv1p2" xmlns:xsi="http://www.w3.org/2001/XMLSchema-instance" xsi:schemaLocation="http://www.imsglobal.org/xsd/ims_qtiasiv1p2 http://www.imsglobal.org/profile/cc/ccv1p1/ccv1p1_qtiasiv1p2p1_v1p0.xsd">
  <assessment ident="g91002c76ecc28b9b826b5c5b1ee2e53d" title="Module 1">
    <qtimetadata>
      <qtimetadatafield>
        <fieldlabel>cc_profile</fieldlabel>
        <fieldentry>cc.exam.v0p1</fieldentry>
      </qtimetadatafield>
      <qtimetadatafield>
        <fieldlabel>qmd_assessmenttype</fieldlabel>
        <fieldentry>Examination</fieldentry>
      </qtimetadatafield>
      <qtimetadatafield>
        <fieldlabel>qmd_scoretype</fieldlabel>
        <fieldentry>Percentage</fieldentry>
      </qtimetadatafield>
      <qtimetadatafield>
        <fieldlabel>cc_maxattempts</fieldlabel>
        <fieldentry>1</fieldentry>
      </qtimetadatafield>
    </qtimetadata>
    <section ident="root_section">
      <item ident="gf89f56d1e5996b60dff7eb51fa6d418c" title="Question 1">
        <itemmetadata>
          <qtimetadata>
            <qtimetadatafield>
              <fieldlabel>cc_profile</fieldlabel>
              <fieldentry>cc.essay.v0p1</fieldentry>
            </qtimetadatafield>
            <qtimetadatafield>
              <fieldlabel>qmd_computerscored</fieldlabel>
              <fieldentry>No</fieldentry>
            </qtimetadatafield>
          </qtimetadata>
        </itemmetadata>
        <presentation>
          <material>
            <mattext texttype="text/html">&lt;div&gt;&lt;p&gt;Look at the map, try changing different factors. How does self-rated health relate to the socioeconomic factors? (e.g., do they vary together?) Are there some places where you would expect different patterns than you observe?&lt;/p&gt;&lt;/div&gt;</mattext>
          </material>
          <response_str ident="response1" rcardinality="Single">
            <render_fib>
              <response_label ident="answer1" rshuffle="No"/>
            </render_fib>
          </response_str>
        </presentation>
        <resprocessing>
          <outcomes>
            <decvar maxvalue="100" minvalue="0" varname="SCORE" vartype="Decimal"/>
          </outcomes>
          <respcondition continue="No">
            <conditionvar>
              <other/>
            </conditionvar>
          </respcondition>
        </resprocessing>
      </item>
      <item ident="g9ea5d1b76de7caf2317471426dee38b4" title="Question 2">
        <itemmetadata>
          <qtimetadata>
            <qtimetadatafield>
              <fieldlabel>cc_profile</fieldlabel>
              <fieldentry>cc.essay.v0p1</fieldentry>
            </qtimetadatafield>
            <qtimetadatafield>
              <fieldlabel>qmd_computerscored</fieldlabel>
              <fieldentry>No</fieldentry>
            </qtimetadatafield>
          </qtimetadata>
        </itemmetadata>
        <presentation>
          <material>
            <mattext texttype="text/html">&lt;div&gt;&lt;p&gt;How do urban counties look socioeconomically different from rural counties?&lt;/p&gt;&lt;/div&gt;</mattext>
          </material>
          <response_str ident="response1" rcardinality="Single">
            <render_fib>
              <response_label ident="answer1" rshuffle="No"/>
            </render_fib>
          </response_str>
        </presentation>
        <resprocessing>
          <outcomes>
            <decvar maxvalue="100" minvalue="0" varname="SCORE" vartype="Decimal"/>
          </outcomes>
          <respcondition continue="No">
            <conditionvar>
              <other/>
            </conditionvar>
          </respcondition>
        </resprocessing>
      </item>
      <item ident="gc2d01c3eaf3eb37c60bd4d5686b41972" title="Question 3">
        <itemmetadata>
          <qtimetadata>
            <qtimetadatafield>
              <fieldlabel>cc_profile</fieldlabel>
              <fieldentry>cc.essay.v0p1</fieldentry>
            </qtimetadatafield>
            <qtimetadatafield>
              <fieldlabel>qmd_computerscored</fieldlabel>
              <fieldentry>No</fieldentry>
            </qtimetadatafield>
          </qtimetadata>
        </itemmetadata>
        <presentation>
          <material>
            <mattext texttype="text/html">&lt;div&gt;&lt;p&gt;Look at the linear regression scatterplot. Are there any relationships between good health and the socioeconomic factors? What do you observe?&lt;/p&gt;&lt;/div&gt;</mattext>
          </material>
          <response_str ident="response1" rcardinality="Single">
            <render_fib>
              <response_label ident="answer1" rshuffle="No"/>
            </render_fib>
          </response_str>
        </presentation>
        <resprocessing>
          <outcomes>
            <decvar maxvalue="100" minvalue="0" varname="SCORE" vartype="Decimal"/>
          </outcomes>
          <respcondition continue="No">
            <conditionvar>
              <other/>
            </conditionvar>
          </respcondition>
        </resprocessing>
      </item>
      <item ident="g66d2533878ef75dd07cc1ff1a15cfac9" title="Question 4">
        <itemmetadata>
          <qtimetadata>
            <qtimetadatafield>
              <fieldlabel>cc_profile</fieldlabel>
              <fieldentry>cc.essay.v0p1</fieldentry>
            </qtimetadatafield>
            <qtimetadatafield>
              <fieldlabel>qmd_computerscored</fieldlabel>
              <fieldentry>No</fieldentry>
            </qtimetadatafield>
          </qtimetadata>
        </itemmetadata>
        <presentation>
          <material>
            <mattext texttype="text/html">&lt;div&gt;&lt;p&gt;In the next module you will focus on health behaviors (smoking and physical inactivity).&lt;/p&gt;
&lt;p&gt;Thinking about ONE of the health behaviors, make a hypothesis about its relationship with a socioeconomic factor from today's module. (e.g., How might smoking relate to median household income?)&lt;/p&gt;
&lt;p style="padding-left: 40px;"&gt;Imagine how these two factors (your chosen health behavior and socioeconomic factor) would look on a linear fit graph.&lt;/p&gt;
&lt;p style="padding-left: 40px;"&gt;&lt;span&gt;Using &lt;a class="inline_disabled" href="https://virtual-graph-paper.com/" target="_blank"&gt;this website&lt;/a&gt;,&lt;/span&gt; d&lt;span&gt;raw x- and y-axes, then draw an estimate of the slope of the line. &lt;/span&gt;&lt;span&gt;Label your x and y axes. &lt;/span&gt;&lt;span&gt;Take a&amp;nbsp; screenshot and upload. &lt;/span&gt;&lt;span&gt;(Look to the left of the graph for the line and text options. When you are done with your line, double-click to stop drawing.)&lt;/span&gt;&lt;/p&gt;
&lt;p&gt;&amp;nbsp;&lt;/p&gt;&lt;/div&gt;</mattext>
          </material>
          <response_str ident="response1" rcardinality="Single">
            <render_fib>
              <response_label ident="answer1" rshuffle="No"/>
            </render_fib>
          </response_str>
        </presentation>
        <resprocessing>
          <outcomes>
            <decvar maxvalue="100" minvalue="0" varname="SCORE" vartype="Decimal"/>
          </outcomes>
          <respcondition continue="No">
            <conditionvar>
              <other/>
            </conditionvar>
          </respcondition>
        </resprocessing>
      </item>
      <item ident="gc86b015b5bd863a90c3c65ed1c9b46c7" title="Question 5">
        <itemmetadata>
          <qtimetadata>
            <qtimetadatafield>
              <fieldlabel>cc_profile</fieldlabel>
              <fieldentry>cc.essay.v0p1</fieldentry>
            </qtimetadatafield>
            <qtimetadatafield>
              <fieldlabel>qmd_computerscored</fieldlabel>
              <fieldentry>No</fieldentry>
            </qtimetadatafield>
          </qtimetadata>
        </itemmetadata>
        <presentation>
          <material>
            <mattext texttype="text/html">&lt;div&gt;&lt;p&gt;Now, using &lt;a class="inline_disabled" href="https://mapgoose.com/us/texas" target="_blank"&gt;this map of Texas counties,&lt;/a&gt; use the pencil tool circle the regions you predict would be hotspots that have high rates of your chosen health behavior. Please take a screenshot of your map and upload it here. Explain your thinking.&lt;/p&gt;&lt;/div&gt;</mattext>
          </material>
          <response_str ident="response1" rcardinality="Single">
            <render_fib>
              <response_label ident="answer1" rshuffle="No"/>
            </render_fib>
          </response_str>
        </presentation>
        <resprocessing>
          <outcomes>
            <decvar maxvalue="100" minvalue="0" varname="SCORE" vartype="Decimal"/>
          </outcomes>
          <respcondition continue="No">
            <conditionvar>
              <other/>
            </conditionvar>
          </respcondition>
        </resprocessing>
      </item>
    </section>
  </assessment>
</questestinterop>
