<?xml version="1.0" encoding="UTF-8"?>
<quiz identifier="g91002c76ecc28b9b826b5c5b1ee2e53d" xmlns="http://canvas.instructure.com/xsd/cccv1p0" xmlns:xsi="http://www.w3.org/2001/XMLSchema-instance" xsi:schemaLocation="http://canvas.instructure.com/xsd/cccv1p0 https://canvas.instructure.com/xsd/cccv1p0.xsd">
  <title>Module 1</title>
  <description>&lt;p&gt;The data shown on the interactive map is based data aggregated by the &lt;a class="inline_disabled" href="https://www.countyhealthrankings.org/" target="_blank"&gt;County Health Rankings&lt;/a&gt; project. You will focus Texas because it is a large state with a lot of geographic, socioeconomic, and racial variation across counties.&lt;/p&gt;
&lt;p&gt;Please interact with the following "&lt;a class="inline_disabled" href="https://colab.research.google.com/drive/1KvnJDTXjggX-Q_KvJAr23R4XfVML0I9K?authuser=2#scrollTo=ob9jU2Z8wxzi" target="_blank"&gt;Colab&lt;/a&gt;" module to answer some questions.&amp;nbsp;&lt;/p&gt;
&lt;p&gt;After analyzing the Colab, you will make predictions about Module 2, health behaviors, based on the reading &lt;span&gt;&lt;a class="instructure_file_link instructure_scribd_file inline_disabled" title="Pampel2010 (1).pdf" href="$IMS-CC-FILEBASE$/Uploaded%20Media/Pampel2010%20(1).pdf?canvas_=1&amp;amp;canvas_qs_wrap=1" target="_blank" data-canvas-previewable="false" data-api-endpoint="https://canvas.dartmouth.edu/api/v1/courses/44659/files/8721581" data-api-returntype="File"&gt;"Socioeconomic Disparities in Health Behaviors” by Pampel et al. (2010).&lt;/a&gt; &lt;/span&gt;&lt;span&gt;&amp;nbsp;&lt;/span&gt;&lt;/p&gt;
&lt;p&gt;&amp;nbsp;&lt;/p&gt;
&lt;p&gt;&lt;span&gt;Look back to the&amp;nbsp;&lt;a title="Data Visualization Methods and Variable Definitions" href="$CANVAS_OBJECT_REFERENCE$/assignments/g3af18b11245100f0dd4a7eb9bfe90abe"&gt;Data Visualization Methods and Variable Definitions&lt;/a&gt; and &lt;a title="Colab Instructions " href="$CANVAS_OBJECT_REFERENCE$/assignments/g33a402e1fee11b138634667610d8e87e"&gt;Colab Instructions &lt;/a&gt;pages for further explanations.&lt;/span&gt;&lt;/p&gt;
&lt;p&gt;&lt;img src="$IMS-CC-FILEBASE$/Uploaded%20Media/Screen%20Shot%202021-10-28%20at%2012.01.49%20PM.png" alt="Screen Shot 2021-10-28 at 12.01.49 PM.png" width="573" height="569"&gt;&lt;/p&gt;</description>
  <shuffle_answers>false</shuffle_answers>
  <scoring_policy>keep_highest</scoring_policy>
  <hide_results></hide_results>
  <quiz_type>assignment</quiz_type>
  <points_possible>5.0</points_possible>
  <require_lockdown_browser>false</require_lockdown_browser>
  <require_lockdown_browser_for_results>false</require_lockdown_browser_for_results>
  <require_lockdown_browser_monitor>false</require_lockdown_browser_monitor>
  <lockdown_browser_monitor_data/>
  <show_correct_answers>true</show_correct_answers>
  <anonymous_submissions>false</anonymous_submissions>
  <could_be_locked>false</could_be_locked>
  <disable_timer_autosubmission>false</disable_timer_autosubmission>
  <allowed_attempts>1</allowed_attempts>
  <one_question_at_a_time>false</one_question_at_a_time>
  <cant_go_back>false</cant_go_back>
  <available>true</available>
  <one_time_results>false</one_time_results>
  <show_correct_answers_last_attempt>false</show_correct_answers_last_attempt>
  <only_visible_to_overrides>false</only_visible_to_overrides>
  <module_locked>false</module_locked>
  <assignment identifier="g78d8ed28e8c8f1c25ab043ee1f5a5cb1">
    <title>Module 1</title>
    <due_at/>
    <lock_at/>
    <unlock_at/>
    <module_locked>false</module_locked>
    <workflow_state>published</workflow_state>
    <assignment_overrides>
    </assignment_overrides>
    <quiz_identifierref>g91002c76ecc28b9b826b5c5b1ee2e53d</quiz_identifierref>
    <allowed_extensions></allowed_extensions>
    <has_group_category>false</has_group_category>
    <points_possible>5.0</points_possible>
    <grading_type>points</grading_type>
    <all_day>false</all_day>
    <submission_types>online_quiz</submission_types>
    <position>3</position>
    <turnitin_enabled>false</turnitin_enabled>
    <vericite_enabled>false</vericite_enabled>
    <peer_review_count>0</peer_review_count>
    <peer_reviews>false</peer_reviews>
    <automatic_peer_reviews>false</automatic_peer_reviews>
    <anonymous_peer_reviews>false</anonymous_peer_reviews>
    <grade_group_students_individually>false</grade_group_students_individually>
    <freeze_on_copy>false</freeze_on_copy>
    <omit_from_final_grade>false</omit_from_final_grade>
    <intra_group_peer_reviews>false</intra_group_peer_reviews>
    <only_visible_to_overrides>false</only_visible_to_overrides>
    <post_to_sis>false</post_to_sis>
    <moderated_grading>false</moderated_grading>
    <grader_count>0</grader_count>
    <grader_comments_visible_to_graders>true</grader_comments_visible_to_graders>
    <anonymous_grading>false</anonymous_grading>
    <graders_anonymous_to_graders>false</graders_anonymous_to_graders>
    <grader_names_visible_to_final_grader>true</grader_names_visible_to_final_grader>
    <anonymous_instructor_annotations>false</anonymous_instructor_annotations>
    <post_policy>
      <post_manually>false</post_manually>
    </post_policy>
  </assignment>
  <assignment_group_identifierref>g7a2e4827710628aee6a8871fbeb9f6c0</assignment_group_identifierref>
  <assignment_overrides>
  </assignment_overrides>
</quiz>
