<?xml version="1.0" encoding="UTF-8"?>
<manifest identifier="g2001da1533f2a23f5b663f6c671ec724" xmlns="http://www.imsglobal.org/xsd/imsccv1p3/imscp_v1p1" xmlns:lom="http://ltsc.ieee.org/xsd/imsccv1p3/LOM/resource" xmlns:lomimscc="http://ltsc.ieee.org/xsd/imsccv1p3/LOM/manifest" xmlns:cpx="http://www.imsglobal.org/xsd/imsccv1p3/imscp_extensionv1p2" xmlns:xsi="http://www.w3.org/2001/XMLSchema-instance" xsi:schemaLocation="http://ltsc.ieee.org/xsd/imsccv1p3/LOM/resource http://www.imsglobal.org/profile/cc/ccv1p3/LOM/ccv1p3_lomresource_v1p0.xsd http://www.imsglobal.org/xsd/imsccv1p3/imscp_v1p1 http://www.imsglobal.org/profile/cc/ccv1p3/ccv1p3_imscp_v1p2_v1p0.xsd http://ltsc.ieee.org/xsd/imsccv1p3/LOM/manifest http://www.imsglobal.org/profile/cc/ccv1p3/LOM/ccv1p3_lommanifest_v1p0.xsd http://www.imsglobal.org/xsd/imsccv1p3/imscp_extensionv1p2 http://www.imsglobal.org/profile/cc/ccv1p3/ccv1p3_cpextensionv1p2_v1p0.xsd">
  <metadata>
    <schema>IMS Common Cartridge</schema>
    <schemaversion>1.3.0</schemaversion>
    <lomimscc:lom>
      <lomimscc:general>
        <lomimscc:title>
          <lomimscc:string>Health Disparities (WI21)</lomimscc:string>
        </lomimscc:title>
      </lomimscc:general>
      <lomimscc:lifeCycle>
        <lomimscc:contribute>
          <lomimscc:date>
            <lomimscc:dateTime>2022-11-03</lomimscc:dateTime>
          </lomimscc:date>
        </lomimscc:contribute>
      </lomimscc:lifeCycle>
      <lomimscc:rights>
        <lomimscc:copyrightAndOtherRestrictions>
          <lomimscc:value>yes</lomimscc:value>
        </lomimscc:copyrightAndOtherRestrictions>
        <lomimscc:description>
          <lomimscc:string>Private (Copyrighted) - http://en.wikipedia.org/wiki/Copyright</lomimscc:string>
        </lomimscc:description>
      </lomimscc:rights>
    </lomimscc:lom>
  </metadata>
  <organizations>
    <organization identifier="org_1" structure="rooted-hierarchy">
      <item identifier="LearningModules">
      </item>
    </organization>
  </organizations>
  <resources>
    <resource identifier="gc7fa0ae72dbad20fe39eaf87a7536570" type="associatedcontent/imscc_xmlv1p1/learning-application-resource" href="course_settings/canvas_export.txt">
      <file href="course_settings/module_meta.xml"/>
      <file href="course_settings/assignment_groups.xml"/>
      <file href="course_settings/rubrics.xml"/>
      <file href="course_settings/files_meta.xml"/>
      <file href="course_settings/media_tracks.xml"/>
      <file href="course_settings/canvas_export.txt"/>
    </resource>
    <resource identifier="g91002c76ecc28b9b826b5c5b1ee2e53d" type="imsqti_xmlv1p2/imscc_xmlv1p1/assessment">
      <file href="g91002c76ecc28b9b826b5c5b1ee2e53d/assessment_qti.xml"/>
      <dependency identifierref="gbe7404c8faf8c250a2aa7428180ee6bc"/>
    </resource>
    <resource identifier="gbe7404c8faf8c250a2aa7428180ee6bc" type="associatedcontent/imscc_xmlv1p1/learning-application-resource" href="g91002c76ecc28b9b826b5c5b1ee2e53d/assessment_meta.xml">
      <file href="g91002c76ecc28b9b826b5c5b1ee2e53d/assessment_meta.xml"/>
      <file href="non_cc_assessments/g91002c76ecc28b9b826b5c5b1ee2e53d.xml.qti"/>
    </resource>
    <resource type="webcontent" identifier="gbd2071fdd343aac715a894a45c51eb47" href="web_resources/Uploaded Media/Pampel2010 (1).pdf">
      <file href="web_resources/Uploaded Media/Pampel2010 (1).pdf"/>
    </resource>
    <resource type="webcontent" identifier="g8d88ba58f4c79c6d563904c3f0686e89" href="web_resources/Uploaded Media/Screen Shot 2021-10-28 at 12.01.49 PM.png">
      <file href="web_resources/Uploaded Media/Screen Shot 2021-10-28 at 12.01.49 PM.png"/>
    </resource>
  </resources>
</manifest>
