<?xml version="1.0" encoding="UTF-8"?>
<fileMeta xmlns="http://canvas.instructure.com/xsd/cccv1p0" xmlns:xsi="http://www.w3.org/2001/XMLSchema-instance" xsi:schemaLocation="http://canvas.instructure.com/xsd/cccv1p0 https://canvas.instructure.com/xsd/cccv1p0.xsd">
  <folders>
    <folder path="Uploaded Media">
      <hidden>true</hidden>
    </folder>
  </folders>
  <files>
    <file identifier="gbd2071fdd343aac715a894a45c51eb47">
      <hidden>true</hidden>
      <category>uncategorized</category>
    </file>
    <file identifier="g8d88ba58f4c79c6d563904c3f0686e89">
      <hidden>true</hidden>
      <category>uncategorized</category>
    </file>
  </files>
</fileMeta>
